Task name,Task description,Start time,End time,Duration,Duration in hours,Note,Category
"RubyProject ","",2018-10-02 8:06 PM,2018-10-02 8:06 PM,<01',0.00114667,"","Programming "
"RubyProject ","",2018-10-02 8:06 PM,2018-10-02 8:43 PM,00:37',0.61688500,"","Programming "
"Writing","",2018-10-03 7:53 AM,2018-10-03 8:29 AM,00:36',0.60313250,"",""
"Writing","",2018-10-03 10:37 AM,2018-10-03 11:07 AM,00:30',0.50000000,"",""
"Writing","",2018-10-03 12:03 PM,2018-10-03 12:33 PM,00:30',0.50000000,"",""
"Writing","",2018-10-03 8:20 PM,2018-10-03 8:48 PM,00:27',0.46062472,"",""
"Writing","",2018-10-04 1:04 PM,2018-10-04 1:56 PM,00:52',0.86708806,"",""
"RubyProject ","",2018-10-05 3:06 PM,2018-10-05 4:55 PM,01:49',1.82500000,"","Programming "
"RubyProject ","",2018-10-05 7:57 PM,2018-10-05 9:06 PM,01:09',1.15285556,"","Programming "
"Studying","",2018-10-06 12:01 PM,2018-10-06 12:31 PM,00:30',0.51416667,"",""
"Studying","",2018-10-06 12:32 PM,2018-10-06 1:48 PM,01:16',1.26744639,"",""
"Studying","",2018-10-06 3:42 PM,2018-10-06 5:10 PM,01:28',1.47528361,"",""
"Studying","",2018-10-06 6:22 PM,2018-10-06 7:23 PM,01:01',1.02216917,"",""
"Studying","",2018-10-07 12:01 PM,2018-10-07 1:02 PM,01:00',1.01232111,"",""
"Studying","",2018-10-07 2:36 PM,2018-10-07 3:21 PM,00:44',0.74254278,"",""
"Studying","",2018-10-07 7:18 PM,2018-10-07 7:44 PM,00:25',0.43126583,"",""
"Studying","",2018-10-07 8:18 PM,2018-10-07 8:48 PM,00:29',0.49541083,"",""
"Studying","",2018-10-08 10:38 AM,2018-10-08 11:32 AM,00:54',0.90483500,"",""
"Studying","",2018-10-08 11:40 AM,2018-10-08 1:01 PM,01:20',1.34141639,"",""
"Studying","",2018-10-08 2:02 PM,2018-10-08 3:10 PM,01:07',1.13249750,"",""
"Studying","",2018-10-08 3:39 PM,2018-10-08 4:27 PM,00:48',0.80209028,"",""
"Studying","",2018-10-08 4:40 PM,2018-10-08 4:40 PM,<01',0.00042278,"",""
"Studying","",2018-10-08 4:40 PM,2018-10-08 5:01 PM,00:21',0.35359222,"",""
"RubyProject ","",2018-10-08 8:05 PM,2018-10-08 8:42 PM,00:37',0.62704306,"","Programming "
"RubyProject ","",2018-10-08 8:45 PM,2018-10-08 8:48 PM,00:03',0.05722639,"","Programming "
"Studying","",2018-10-09 6:07 PM,2018-10-09 6:56 PM,00:48',0.81458028,"",""
"Studying","",2018-10-09 7:05 PM,2018-10-09 7:13 PM,00:08',0.14523333,"",""
"Studying","",2018-10-09 7:16 PM,2018-10-09 7:28 PM,00:11',0.19950611,"",""
"Studying","",2018-10-09 8:44 PM,2018-10-09 9:09 PM,00:24',0.41524889,"",""
"Studying","",2018-10-09 9:16 PM,2018-10-09 9:41 PM,00:25',0.41718889,"",""
"Studying","",2018-10-09 10:20 PM,2018-10-09 10:46 PM,00:25',0.42631750,"",""
"RubyProject ","",2018-10-12 5:37 PM,2018-10-12 5:37 PM,<01',0.00024111,"","Programming "
"RubyProject ","",2018-10-12 5:38 PM,2018-10-12 5:38 PM,<01',0.00019139,"","Programming "
"RubyProject ","",2018-10-12 5:38 PM,2018-10-12 5:38 PM,<01',0.00018333,"","Programming "
"RubyProject ","",2018-10-12 5:38 PM,2018-10-12 6:13 PM,00:34',0.58021500,"","Programming "
"RubyProject ","",2018-10-12 6:36 PM,2018-10-12 8:00 PM,01:23',1.39695639,"","Programming "
"Studying","",2018-10-13 12:28 PM,2018-10-13 1:54 PM,01:25',1.43184639,"",""
"Studying","",2018-10-13 2:37 PM,2018-10-13 3:01 PM,00:23',0.39612889,"",""
"Studying","",2018-10-13 3:04 PM,2018-10-13 3:12 PM,00:07',0.12423306,"",""
"Studying","",2018-10-13 3:29 PM,2018-10-13 3:45 PM,00:16',0.26671111,"",""
"Studying","",2018-10-13 3:49 PM,2018-10-13 4:04 PM,00:15',0.26591139,"",""
"Studying","",2018-10-13 5:08 PM,2018-10-13 5:52 PM,00:44',0.74401083,"",""
"Studying","",2018-10-15 2:10 PM,2018-10-15 4:43 PM,02:32',2.54042417,"",""
"RubyProject ","",2018-10-15 6:47 PM,2018-10-15 7:11 PM,00:23',0.39329194,"","Programming "
"RubyProject ","",2018-10-15 7:21 PM,2018-10-15 8:25 PM,01:04',1.07219028,"","Programming "
"Writing","",2018-10-16 12:58 PM,2018-10-16 1:49 PM,00:51',0.85633639,"",""
"Studying","",2018-10-16 5:32 PM,2018-10-16 5:55 PM,00:23',0.38595167,"",""
"Studying","",2018-10-16 6:04 PM,2018-10-16 7:52 PM,01:48',1.80050139,"",""
"Studying","",2018-10-17 4:23 PM,2018-10-17 5:32 PM,01:09',1.15132028,"",""
"RubyProject ","",2018-10-17 7:59 PM,2018-10-17 8:45 PM,00:45',0.76626194,"","Programming "
"Studying","",2018-10-18 5:10 PM,2018-10-18 5:56 PM,00:46',0.77495889,"",""
"Studying","",2018-10-18 6:28 PM,2018-10-18 7:43 PM,01:15',1.25150139,"",""
"Writing","",2018-10-19 4:52 PM,2018-10-19 5:33 PM,00:40',0.67650333,"",""
"Writing","",2018-10-20 5:06 PM,2018-10-20 5:06 PM,<01',0.00025306,"",""
"Writing","",2018-10-20 5:06 PM,2018-10-20 5:46 PM,00:39',0.66576500,"",""
"Studying","",2018-10-21 11:04 AM,2018-10-21 11:56 AM,00:51',0.86467639,"",""
"Studying","",2018-10-21 12:31 PM,2018-10-21 1:42 PM,01:10',1.17535222,"",""
"Studying","",2018-10-21 5:58 PM,2018-10-21 7:11 PM,01:13',1.22018722,"",""
"Studying","",2018-10-22 7:16 PM,2018-10-22 7:16 PM,<01',0.00029583,"",""
"Studying","",2018-10-22 7:16 PM,2018-10-22 7:48 PM,00:32',0.53956556,"",""
"Studying","",2018-10-22 8:15 PM,2018-10-22 8:35 PM,00:19',0.33126528,"",""
"Studying","",2018-10-23 10:41 AM,2018-10-23 11:21 AM,00:39',0.65665361,"",""
"Studying","",2018-10-23 11:41 AM,2018-10-23 11:41 AM,<01',0.00075417,"",""
"Studying","",2018-10-23 11:41 AM,2018-10-23 12:04 PM,00:22',0.38205750,"",""
"RubyProject ","",2018-10-23 6:40 PM,2018-10-23 6:40 PM,<01',0.00029583,"","Programming "
"RubyProject ","",2018-10-23 6:40 PM,2018-10-23 6:40 PM,<01',0.00047944,"","Programming "
"RubyProject ","",2018-10-23 6:40 PM,2018-10-23 7:03 PM,00:23',0.39134028,"","Programming "
"Writing","",2018-10-24 2:11 PM,2018-10-24 1:42 PM,<01',-0.48125889,"",""
"Writing","",2018-10-24 5:23 PM,2018-10-24 5:23 PM,<01',0.00022583,"",""
"Studying","",2018-10-24 5:23 PM,2018-10-24 5:53 PM,00:29',0.49646889,"",""
"Comic work","Gym",2018-10-24 6:36 PM,2018-10-24 6:36 PM,<01',0.00020861,"",""
"RubyProject ","",2018-10-24 6:36 PM,2018-10-24 8:05 PM,01:29',1.48831167,"","Programming "
"Studying","",2018-10-28 12:16 PM,2018-10-28 12:28 PM,00:11',0.19950167,"",""
"Studying","",2018-10-28 12:33 PM,2018-10-28 12:33 PM,<01',0.00016667,"",""
"Studying","",2018-10-28 12:33 PM,2018-10-28 1:36 PM,01:02',1.03594250,"",""
"Studying","",2018-10-28 2:48 PM,2018-10-28 3:18 PM,00:29',0.48730972,"",""
"Studying","",2018-10-28 3:27 PM,2018-10-28 4:57 PM,01:29',1.48474389,"",""
"Studying","",2018-10-28 5:59 PM,2018-10-28 6:33 PM,00:34',0.56925528,"",""
"Writing","",2018-10-29 7:07 PM,2018-10-29 7:11 PM,00:04',0.07030722,"",""
"Writing","",2018-10-29 7:58 PM,2018-10-29 8:41 PM,00:43',0.71746528,"",""
"Writing","",2018-10-31 7:43 AM,2018-10-31 8:24 AM,00:40',0.67281028,"",""
"Studying","",2018-10-31 8:09 PM,2018-10-31 9:33 PM,01:23',1.39665139,"",""
"Writing","",2018-11-01 12:23 PM,2018-11-01 12:23 PM,<01',0.01381083,"",""
"Studying","",2018-11-03 12:18 PM,2018-11-03 12:55 PM,00:37',0.61844639,"",""
"Studying","",2018-11-03 12:57 PM,2018-11-03 1:26 PM,00:29',0.49037778,"",""
"Studying","",2018-11-03 1:34 PM,2018-11-03 2:02 PM,00:27',0.46254806,"",""
"Studying","",2018-11-03 4:32 PM,2018-11-03 5:33 PM,01:00',1.01345917,"",""
"Studying","",2018-11-03 5:44 PM,2018-11-03 6:07 PM,00:22',0.38324361,"",""
"Studying","",2018-11-03 7:00 PM,2018-11-03 8:37 PM,01:36',1.60889250,"",""
"Writing","",2018-11-04 9:16 AM,2018-11-04 10:07 AM,00:51',0.85052833,"",""
"Studying","",2018-11-04 11:24 AM,2018-11-04 12:28 PM,01:03',1.05551361,"",""
"Studying","",2018-11-04 12:42 PM,2018-11-04 1:28 PM,00:46',0.77638750,"",""
"Studying","",2018-11-04 3:17 PM,2018-11-04 4:04 PM,00:46',0.77862639,"",""
"Studying","",2018-11-04 4:08 PM,2018-11-04 4:18 PM,00:09',0.16261167,"",""
"Studying","",2018-11-04 5:00 PM,2018-11-04 5:59 PM,00:58',0.98103917,"",""
"Studying","",2018-11-04 6:28 PM,2018-11-04 8:25 PM,01:57',1.95905556,"",""
"Studying","",2018-11-04 10:56 PM,2018-11-04 11:48 PM,00:52',0.86729917,"",""
"Studying","",2018-11-06 11:08 AM,2018-11-06 12:49 PM,01:41',1.68895361,"",""
"Studying","",2018-11-06 5:15 PM,2018-11-06 6:13 PM,00:58',0.96722139,"",""
"Studying","",2018-11-06 6:35 PM,2018-11-06 7:00 PM,00:24',0.41289222,"",""
"Studying","",2018-11-06 7:17 PM,2018-11-06 9:59 PM,02:41',2.69481778,"",""
"Writing","",2018-11-07 8:12 AM,2018-11-07 8:32 AM,00:20',0.34306083,"",""
"Studying","",2018-11-09 10:50 AM,2018-11-09 11:25 AM,00:35',0.59818694,"",""
"Writing","",2018-11-09 2:17 PM,2018-11-09 2:55 PM,00:37',0.63083083,"",""
"Writing","",2018-11-10 4:42 PM,2018-11-10 5:32 PM,00:50',0.84299500,"",""
"Writing","",2018-11-10 5:45 PM,2018-11-10 5:52 PM,00:07',0.13102778,"",""
"Studying","",2018-11-11 8:58 AM,2018-11-11 9:29 AM,00:31',0.52245778,"",""
"Studying","",2018-11-11 10:16 AM,2018-11-11 11:29 AM,01:13',1.21925611,"",""
"RubyProject ","",2018-11-11 6:42 PM,2018-11-11 8:31 PM,01:48',1.81019222,"","Programming "
"RubyProject ","",2018-11-12 7:46 PM,2018-11-12 8:57 PM,01:10',1.18299306,"","Programming "
"Studying","",2018-11-13 7:34 PM,2018-11-13 8:34 PM,01:00',1.00870944,"",""
"Writing","",2018-11-14 8:26 AM,2018-11-14 8:56 AM,00:30',0.50000000,"",""
"Writing","",2018-11-14 8:55 AM,2018-11-14 8:25 AM,<01',-0.48671472,"",""
"Studying","",2018-11-15 12:58 PM,2018-11-15 1:15 PM,00:17',0.28367778,"",""
"Studying","",2018-11-15 5:07 PM,2018-11-15 5:49 PM,00:41',0.69733611,"",""
"Studying","",2018-11-18 11:08 AM,2018-11-18 12:16 PM,01:08',1.13815222,"",""
"Studying","",2018-11-18 12:29 PM,2018-11-18 12:44 PM,00:14',0.24831444,"",""
"Studying","",2018-11-18 1:10 PM,2018-11-18 1:33 PM,00:22',0.37901861,"",""
"Studying","",2018-11-18 3:14 PM,2018-11-18 4:07 PM,00:53',0.88505972,"",""
"Studying","",2018-11-18 4:53 PM,2018-11-18 5:21 PM,00:27',0.45286917,"",""
"Comic work","Gym",2018-11-21 4:35 PM,2018-11-21 4:37 PM,00:01',0.02902500,"",""
"Comic work","Gym",2018-11-21 5:15 PM,2018-11-21 6:03 PM,00:48',0.80002306,"",""
"Studying","",2018-11-21 8:36 PM,2018-11-21 9:06 PM,00:30',0.50000000,"",""
"Comic work","Gym",2018-11-21 8:36 PM,2018-11-21 9:35 PM,00:59',0.98419167,"",""
"Comic work","Gym",2018-11-21 9:38 PM,2018-11-21 9:54 PM,00:15',0.25474722,"",""
"Comic work","Gym",2018-11-22 11:03 AM,2018-11-22 12:40 PM,01:37',1.62294472,"",""
"Comic work","Gym",2018-11-23 11:14 AM,2018-11-23 11:44 AM,00:29',0.49608639,"",""
"Studying","",2018-11-23 1:52 PM,2018-11-23 2:40 PM,00:47',0.79772361,"",""
"Studying","",2018-11-23 5:14 PM,2018-11-23 5:37 PM,00:22',0.37715806,"",""
"Writing","",2018-11-24 4:18 PM,2018-11-24 5:28 PM,01:10',1.16829111,"",""
"Comic work","Gym",2018-11-24 5:28 PM,2018-11-24 6:07 PM,00:38',0.64897833,"",""
"Studying","",2018-11-25 1:16 PM,2018-11-25 1:22 PM,00:05',0.09969028,"",""
"Studying","",2018-11-25 1:57 PM,2018-11-25 2:56 PM,00:59',0.98624750,"",""
"Studying","",2018-11-25 5:04 PM,2018-11-25 5:30 PM,00:26',0.44171444,"",""
"Comic work","Gym",2018-11-25 6:16 PM,2018-11-25 7:29 PM,01:12',1.21620889,"",""
"Writing","",2018-11-26 10:02 AM,2018-11-26 1:55 PM,03:53',3.88522528,"",""
"Studying","",2018-11-27 11:24 AM,2018-11-27 12:18 PM,00:54',0.90023028,"",""
"Studying","",2018-11-27 1:03 PM,2018-11-27 1:21 PM,00:18',0.31063306,"",""
"Studying","",2018-11-27 7:02 PM,2018-11-27 8:10 PM,01:07',1.12823611,"",""
"Studying","",2018-11-27 8:26 PM,2018-11-27 8:26 PM,<01',0.00029222,"",""
"Comic work","Gym",2018-11-27 8:26 PM,2018-11-27 9:03 PM,00:37',0.62123583,"",""
"Comic work","Gym",2018-11-28 8:18 PM,2018-11-28 8:25 PM,00:07',0.11797083,"",""
"Comic work","Gym",2018-11-28 8:38 PM,2018-11-28 9:07 PM,00:28',0.48315389,"",""
"Comic work","Gym",2018-11-28 9:28 PM,2018-11-28 10:28 PM,00:59',0.99018528,"",""
"Studying","",2018-11-29 11:01 AM,2018-11-29 11:52 AM,00:51',0.85932556,"",""
"Studying","",2018-11-29 12:14 PM,2018-11-29 12:42 PM,00:27',0.46357056,"",""
"Studying","",2018-11-29 6:48 PM,2018-11-29 7:53 PM,01:04',1.07762056,"",""
"Studying","",2018-11-29 8:00 PM,2018-11-29 8:36 PM,00:36',0.61008944,"",""
"Studying","",2018-11-30 5:39 AM,2018-11-30 6:58 AM,01:19',1.31760389,"",""
"Studying","",2018-11-30 7:25 AM,2018-11-30 7:31 AM,00:06',0.11017111,"",""
"Comic work","Gym",2018-12-01 7:41 PM,2018-12-01 8:12 PM,00:30',0.51077889,"",""
"Comic work","Gym",2018-12-01 8:17 PM,2018-12-01 8:42 PM,00:25',0.42963667,"",""
"Comic work","Gym",2018-12-02 9:47 AM,2018-12-02 10:03 AM,00:16',0.26746694,"",""
"Studying","",2018-12-02 12:23 PM,2018-12-02 2:14 PM,01:51',1.86317056,"",""
"Comic work","Gym",2018-12-02 6:33 PM,2018-12-02 7:13 PM,00:39',0.66603972,"",""
"Film work","Housework",2018-12-03 7:02 PM,2018-12-03 7:43 PM,00:41',0.69117972,"",""
"Studying","",2018-12-04 10:08 AM,2018-12-04 10:51 AM,00:42',0.71542583,"",""
"Studying","",2018-12-04 11:29 AM,2018-12-04 12:15 PM,00:46',0.77418611,"",""
"Studying","",2018-12-06 10:24 AM,2018-12-06 11:24 AM,01:00',1.00742917,"",""
"Studying","",2018-12-06 11:38 AM,2018-12-06 12:59 PM,01:20',1.34018944,"",""
"Studying","",2018-12-06 1:03 PM,2018-12-06 1:04 PM,<01',0.00271944,"",""
"Studying","",2018-12-07 1:32 PM,2018-12-07 2:17 PM,00:45',0.75928000,"",""
"Studying","",2018-12-08 12:57 PM,2018-12-08 2:08 PM,01:10',1.17022583,"",""
"Studying","",2018-12-08 4:34 PM,2018-12-08 4:55 PM,00:21',0.35780389,"",""
"Studying","",2018-12-08 5:12 PM,2018-12-08 6:05 PM,00:53',0.88694083,"",""
"Studying","",2018-12-08 8:07 PM,2018-12-08 10:45 PM,02:37',2.62238389,"",""
"Studying","",2018-12-09 10:58 AM,2018-12-09 10:58 AM,<01',0.00027944,"",""
"Studying","",2018-12-09 10:58 AM,2018-12-09 10:58 AM,<01',0.00090500,"",""
"Studying","",2018-12-09 10:58 AM,2018-12-09 10:58 AM,<01',0.00022750,"",""
"Studying","",2018-12-09 10:58 AM,2018-12-09 12:15 PM,01:16',1.28150278,"",""
"Studying","",2018-12-09 1:25 PM,2018-12-09 2:27 PM,01:02',1.04980194,"",""
"Studying","",2018-12-09 3:08 PM,2018-12-09 4:15 PM,01:06',1.10943889,"",""
"Studying","",2018-12-09 6:40 PM,2018-12-09 7:25 PM,00:44',0.74162139,"",""
"Studying","",2018-12-09 7:53 PM,2018-12-09 8:58 PM,01:04',1.07985722,"",""
"Studying","",2018-12-09 9:14 PM,2018-12-09 11:14 PM,01:59',1.99118250,"",""
"Film work","Housework",2018-12-11 6:43 PM,2018-12-11 11:05 PM,04:22',4.36674306,"",""
"Film work","Housework",2018-12-12 10:52 AM,2018-12-12 12:12 PM,01:19',1.32403694,"",""
"Writing","",2018-12-13 12:11 PM,2018-12-13 1:02 PM,00:50',0.84723583,"",""
"Writing","",2018-12-13 1:09 PM,2018-12-13 1:26 PM,00:17',0.28801444,"",""
"Film work","Housework",2018-12-13 5:43 PM,2018-12-13 8:29 PM,02:45',2.76079806,"",""
"Studying","",2018-12-16 12:01 PM,2018-12-16 12:01 PM,<01',0.00117750,"",""
"Writing","",2018-12-16 12:01 PM,2018-12-16 1:09 PM,01:08',1.14036639,"",""
"Film work","Housework",2018-12-17 6:15 PM,2018-12-17 6:44 PM,00:29',0.48552028,"",""
"Film work","Housework",2018-12-17 7:27 PM,2018-12-17 9:38 PM,02:11',2.18809861,"",""
"Film work","Housework",2018-12-22 11:48 AM,2018-12-22 1:47 PM,01:58',1.98121222,"",""
"Film work","Housework",2018-12-22 1:51 PM,2018-12-22 4:06 PM,02:15',2.25872417,"",""
"Film work","Housework",2018-12-22 4:09 PM,2018-12-22 7:20 PM,03:11',3.18358417,"",""
"Film work","Housework",2018-12-23 3:55 PM,2018-12-23 6:26 PM,02:31',2.52082056,"",""
"Film work","Housework",2018-12-24 3:59 PM,2018-12-24 4:28 PM,00:28',0.47512222,"",""
"Film work","Housework",2018-12-24 6:49 PM,2018-12-24 8:02 PM,01:12',1.21264722,"",""
"Film work","Housework",2018-12-25 10:32 AM,2018-12-25 12:51 PM,02:18',2.31469528,"",""
"Writing","",2018-12-25 9:09 PM,2018-12-25 9:09 PM,<01',0.00176583,"",""
"Film work","Housework",2018-12-26 10:42 AM,2018-12-26 1:27 PM,02:44',2.74982972,"",""
"Film work","Housework",2018-12-26 2:33 PM,2018-12-26 5:12 PM,02:39',2.65181333,"",""
"Comic work","Gym",2018-12-27 11:30 AM,2018-12-27 1:10 PM,01:39',1.66407194,"",""
"Comic work","Gym",2018-12-27 2:48 PM,2018-12-27 3:20 PM,00:31',0.53211722,"",""
"Film work","Housework",2018-12-27 5:18 PM,2018-12-27 7:10 PM,01:51',1.86586306,"",""
"Comic work","Gym",2018-12-28 10:09 PM,2018-12-28 10:38 PM,00:28',0.48037167,"",""
"Comic work","Gym",2018-12-29 11:17 AM,2018-12-29 12:10 PM,00:53',0.88861111,"",""
"RubyProject ","",2018-12-29 1:00 PM,2018-12-29 2:20 PM,01:20',1.33562972,"","Programming "
"Writing","",2018-12-30 1:58 PM,2018-12-30 5:11 PM,03:12',3.20805639,"",""
"Writing","",2018-12-30 7:22 PM,2018-12-30 7:44 PM,00:21',0.35367306,"",""
"Comic work","Gym",2018-12-30 7:55 PM,2018-12-30 9:51 PM,01:56',1.93581000,"",""
"Comic work","Gym",2018-12-30 9:52 PM,2018-12-30 10:18 PM,00:26',0.43717528,"",""
"Comic work","Gym",2018-12-31 9:28 AM,2018-12-31 10:07 AM,00:38',0.64937556,"",""
"Writing","",2018-12-31 3:09 PM,2018-12-31 3:58 PM,00:49',0.82837528,"",""
"RubyProject ","",2018-12-31 3:58 PM,2018-12-31 4:53 PM,00:54',0.90957944,"","Programming "
"Writing","",2018-12-31 4:53 PM,2018-12-31 4:54 PM,<01',0.00071528,"",""
"Writing","",2018-12-31 4:54 PM,2018-12-31 4:54 PM,<01',0.00135833,"",""
"Film work","Housework",2019-01-01 12:39 PM,2019-01-01 2:57 PM,02:17',2.29402722,"",""
"Film work","Housework",2019-01-01 4:07 PM,2019-01-01 5:35 PM,01:28',1.47191861,"",""
"Film work","Housework",2019-01-01 5:58 PM,2019-01-01 6:09 PM,00:10',0.18187472,"",""
"Writing","",2019-01-01 6:16 PM,2019-01-01 6:32 PM,00:16',0.26928000,"",""
"Comic work","Gym",2019-01-01 6:32 PM,2019-01-01 7:44 PM,01:12',1.20305806,"",""
"RubyProject ","",2019-01-02 6:20 PM,2019-01-02 6:40 PM,00:20',0.33333333,"","Programming "
"RubyProject ","",2019-01-02 6:20 PM,2019-01-02 7:09 PM,00:49',0.81716694,"","Programming "
"Comic work","Gym",2019-01-03 10:45 AM,2019-01-03 10:45 AM,<01',0.00028389,"",""
"Comic work","Gym",2019-01-03 10:45 AM,2019-01-03 12:13 PM,01:27',1.46223972,"",""
"Comic work","Gym",2019-01-03 4:29 PM,2019-01-03 4:45 PM,00:15',0.26177083,"",""
"RubyProject ","",2019-01-03 4:50 PM,2019-01-03 5:53 PM,01:03',1.05454472,"","Programming "
"Comic work","Gym",2019-01-03 6:57 PM,2019-01-03 8:08 PM,01:11',1.18961417,"",""
"Comic work","Gym",2019-01-03 9:55 PM,2019-01-03 10:35 PM,00:40',0.66997472,"",""
"Comic work","Gym",2019-01-03 10:37 PM,2019-01-03 10:43 PM,00:06',0.10163583,"",""
"Film work","Housework",2019-01-04 3:03 PM,2019-01-04 4:27 PM,01:23',1.39831250,"",""
"Film work","Housework",2019-01-05 11:18 AM,2019-01-05 12:05 PM,00:47',0.78854556,"",""
"Film work","Housework",2019-01-05 4:24 PM,2019-01-05 5:12 PM,00:47',0.79040889,"",""
"Comic work","Gym",2019-01-05 6:07 PM,2019-01-05 6:35 PM,00:27',0.46476917,"",""
"Film work","Housework",2019-01-06 11:30 AM,2019-01-06 12:52 PM,01:22',1.37796194,"",""
"Writing","",2019-01-08 7:16 PM,2019-01-08 7:53 PM,00:36',0.60965639,"",""
"Writing","",2019-01-08 8:10 PM,2019-01-08 8:46 PM,00:36',0.61299583,"",""
"Comic work","Gym",2019-01-09 1:40 PM,2019-01-09 2:26 PM,00:46',0.77359278,"",""
"Comic work","Gym",2019-01-09 7:41 PM,2019-01-09 9:21 PM,01:40',1.66847611,"",""
"Writing","",2019-01-10 11:58 AM,2019-01-10 1:35 PM,01:36',1.60666556,"",""
"Writing","",2019-01-10 1:35 PM,2019-01-10 1:35 PM,<01',0.00016861,"",""
"Film work","Housework",2019-01-14 9:26 AM,2019-01-14 9:55 AM,00:28',0.48074528,"",""
"Studying","",2019-01-14 9:00 PM,2019-01-14 9:00 PM,<01',0.00129917,"",""
"Film work","Housework",2019-01-14 9:00 PM,2019-01-14 11:42 PM,02:41',2.68361694,"",""
"Comic work","Gym",2019-01-14 11:42 PM,2019-01-14 11:42 PM,<01',0.00030306,"",""
"Film work","Housework",2019-01-15 4:20 PM,2019-01-15 7:02 PM,02:41',2.69414000,"",""
"Film work","Housework",2019-01-16 6:16 PM,2019-01-16 8:15 PM,01:58',1.97416806,"",""
"Film work","Housework",2019-01-16 10:31 PM,2019-01-17 12:05 AM,01:34',1.57477444,"",""
"Film work","Housework",2019-01-17 12:05 AM,2019-01-17 12:06 AM,<01',0.00020111,"",""
"Film work","Housework",2019-01-17 10:47 AM,2019-01-17 11:13 AM,00:26',0.43915111,"",""
"Film work","Housework",2019-01-17 11:15 AM,2019-01-17 5:59 PM,06:43',6.72712278,"",""
"Film work","Housework",2019-01-19 4:43 PM,2019-01-19 5:56 PM,01:12',1.21188944,"",""
"Film work","Housework",2019-01-21 11:56 AM,2019-01-21 1:18 PM,01:22',1.37238472,"",""
"Film work","Housework",2019-01-21 4:09 PM,2019-01-21 4:47 PM,00:37',0.62769833,"",""
"Film work","Housework",2019-01-21 5:11 PM,2019-01-21 6:49 PM,01:38',1.63479361,"",""
"Film work","Housework",2019-01-23 9:36 AM,2019-01-23 11:21 AM,01:45',1.75436583,"",""
"Comic work","Gym",2019-01-25 9:22 PM,2019-01-25 10:18 PM,00:55',0.93195417,"",""
"Studying","",2019-01-27 10:37 AM,2019-01-27 11:21 AM,00:44',0.73393167,"",""
"Studying","",2019-01-27 11:35 AM,2019-01-27 12:50 PM,01:14',1.24989000,"",""
"Studying","",2019-01-27 12:53 PM,2019-01-27 1:03 PM,00:10',0.16981028,"",""
"Studying","",2019-01-27 7:18 PM,2019-01-27 8:31 PM,01:12',1.21649472,"",""
"RubyProject ","",2019-01-27 8:31 PM,2019-01-27 9:08 PM,00:36',0.61279194,"","Programming "
"Comic work","Gym",2019-01-27 9:10 PM,2019-01-27 10:02 PM,00:51',0.85550806,"",""
"RubyProject ","",2019-01-27 10:02 PM,2019-01-27 10:02 PM,<01',0.00035194,"","Programming "
"Comic work","Gym",2019-01-27 10:02 PM,2019-01-27 10:02 PM,<01',0.00016083,"",""
"Studying","",2019-01-28 9:14 AM,2019-01-28 10:31 AM,01:16',1.27300722,"",""
"Studying","",2019-01-28 1:00 PM,2019-01-28 1:28 PM,00:28',0.47432750,"",""
"Writing","",2019-01-28 1:28 PM,2019-01-28 4:47 PM,03:18',3.30814250,"",""
"Studying","",2019-01-29 10:46 AM,2019-01-29 11:57 AM,01:10',1.17458861,"",""
"Studying","",2019-01-29 11:57 AM,2019-01-29 12:30 PM,00:32',0.54807222,"",""
"RubyProject ","",2019-01-29 12:41 PM,2019-01-29 1:24 PM,00:42',0.71551861,"","Programming "
"Writing","",2019-01-30 7:49 PM,2019-01-30 7:49 PM,<01',0.00095667,"",""
"RubyProject ","",2019-01-31 10:21 AM,2019-01-31 11:38 AM,01:17',1.28963806,"","Programming "
"Studying","",2019-01-31 4:09 PM,2019-01-31 4:28 PM,00:18',0.31345111,"",""
"RubyProject ","",2019-02-01 6:00 PM,2019-02-01 7:59 PM,01:58',1.98075667,"","Programming "
"RubyProject ","",2019-02-01 7:59 PM,2019-02-01 7:59 PM,<01',0.00014167,"","Programming "
"RubyProject ","",2019-02-01 9:27 PM,2019-02-01 9:43 PM,00:15',0.25720361,"","Programming "
"RubyProject ","",2019-02-01 9:43 PM,2019-02-01 11:07 PM,01:23',1.39905944,"","Programming "
"Film work","Housework",2019-02-02 10:00 AM,2019-02-02 12:36 PM,02:36',2.60252139,"",""
"RubyProject ","",2019-02-02 2:15 PM,2019-02-02 2:15 PM,<01',0.00022750,"","Programming "
"RubyProject ","",2019-02-02 2:15 PM,2019-02-02 3:21 PM,01:06',1.11100278,"","Programming "
"RubyProject ","",2019-02-02 3:22 PM,2019-02-02 3:46 PM,00:23',0.39889806,"","Programming "
"RubyProject ","",2019-02-02 4:31 PM,2019-02-02 4:31 PM,<01',0.00017806,"","Programming "
"RubyProject ","",2019-02-02 4:31 PM,2019-02-02 4:31 PM,<01',0.00141361,"","Programming "
"RubyProject ","",2019-02-02 4:31 PM,2019-02-02 6:50 PM,02:19',2.31684361,"","Programming "
"Studying","",2019-02-03 4:45 PM,2019-02-03 4:45 PM,<01',0.00036306,"",""
"Studying","",2019-02-03 4:45 PM,2019-02-03 5:06 PM,00:21',0.36007611,"",""
"Film work","Housework",2019-02-03 6:35 PM,2019-02-03 7:39 PM,01:04',1.07540306,"",""
"Comic work","Gym",2019-02-03 7:41 PM,2019-02-03 7:41 PM,<01',0.00025667,"",""
"Comic work","Gym",2019-02-03 7:41 PM,2019-02-03 7:56 PM,00:14',0.24956861,"",""
"Studying","",2019-02-04 9:44 AM,2019-02-04 11:14 AM,01:30',1.50783611,"",""
"Studying","",2019-02-05 10:54 AM,2019-02-05 12:18 PM,01:24',1.41292000,"",""
"RubyProject ","",2019-02-05 12:18 PM,2019-02-05 12:50 PM,00:31',0.52831750,"","Programming "
"Studying","",2019-02-05 12:50 PM,2019-02-05 1:12 PM,00:21',0.36369611,"",""
"Studying","",2019-02-05 1:12 PM,2019-02-05 1:12 PM,<01',0.00017778,"",""
"RubyProject ","",2019-02-05 4:12 PM,2019-02-05 5:03 PM,00:51',0.85552083,"","Programming "
"Studying","",2019-02-06 10:58 AM,2019-02-06 11:47 AM,00:48',0.80775917,"",""
"Film work","Housework",2019-02-06 4:37 PM,2019-02-06 6:18 PM,01:41',1.68706917,"",""
"Film work","Housework",2019-02-06 6:21 PM,2019-02-06 6:59 PM,00:37',0.62170444,"",""
"Film work","Housework",2019-02-06 6:59 PM,2019-02-06 6:59 PM,<01',0.00000583,"",""
"Film work","Housework",2019-02-06 6:59 PM,2019-02-06 6:59 PM,<01',0.00028167,"",""
"RubyProject ","",2019-02-07 5:04 PM,2019-02-07 5:11 PM,00:06',0.11560806,"","Programming "
"RubyProject ","",2019-02-07 5:29 PM,2019-02-07 5:33 PM,00:04',0.07578944,"","Programming "
"Studying","",2019-02-08 11:20 AM,2019-02-08 11:38 AM,00:17',0.28969333,"",""
"Studying","",2019-02-08 11:53 AM,2019-02-08 12:26 PM,00:33',0.55588167,"",""
"Studying","",2019-02-08 1:26 PM,2019-02-08 2:19 PM,00:53',0.89080361,"",""
"Studying","",2019-02-08 2:22 PM,2019-02-08 2:31 PM,00:09',0.15007333,"",""
"Studying","",2019-02-08 2:38 PM,2019-02-08 3:32 PM,00:53',0.89556333,"",""
"Film work","Housework",2019-02-08 6:12 PM,2019-02-08 9:13 PM,03:01',3.02754778,"",""
"Comic work","Gym",2019-02-09 6:19 PM,2019-02-09 6:19 PM,<01',0.00099194,"",""
"Comic work","Gym",2019-02-09 7:12 PM,2019-02-09 7:25 PM,00:13',0.21917583,"",""
"Comic work","Gym",2019-02-09 7:25 PM,2019-02-09 7:25 PM,<01',0.00018889,"",""
"Comic work","Gym",2019-02-09 7:44 PM,2019-02-09 7:58 PM,00:14',0.24202556,"",""
"Comic work","Gym",2019-02-09 9:38 PM,2019-02-09 11:24 PM,01:46',1.77311111,"",""
"Film work","Housework",2019-02-09 11:24 PM,2019-02-09 11:24 PM,<01',0.00024111,"",""
"Film work","Housework",2019-02-10 10:49 AM,2019-02-10 11:04 AM,00:15',0.25000000,"",""
"Film work","Housework",2019-02-10 10:50 AM,2019-02-10 10:54 AM,00:03',0.06008000,"",""
"Film work","Housework",2019-02-10 11:25 AM,2019-02-10 11:40 AM,00:14',0.24278667,"",""
"Film work","Housework",2019-02-10 12:39 PM,2019-02-10 12:41 PM,00:02',0.03351528,"",""
"Film work","Housework",2019-02-10 6:56 PM,2019-02-10 7:35 PM,00:39',0.66073833,"",""
"Studying","",2019-02-11 12:15 PM,2019-02-11 12:36 PM,00:21',0.35571500,"",""
"Studying","",2019-02-11 12:41 PM,2019-02-11 1:32 PM,00:50',0.83428250,"",""
"Studying","",2019-02-11 5:07 PM,2019-02-11 5:41 PM,00:34',0.56926944,"",""
"Studying","",2019-02-12 6:01 PM,2019-02-12 7:01 PM,01:00',1.00000000,"",""
"Studying","",2019-02-13 10:20 AM,2019-02-13 11:27 AM,01:07',1.12253639,"",""
"RubyProject ","",2019-02-14 10:42 AM,2019-02-14 12:59 PM,02:17',2.28955306,"","Programming "
"RubyProject ","",2019-02-14 1:15 PM,2019-02-14 1:44 PM,00:28',0.47829944,"","Programming "
"Film work","Housework",2019-02-15 5:07 PM,2019-02-15 8:36 PM,03:28',3.48322444,"",""
"Studying","",2019-02-16 11:03 AM,2019-02-16 11:47 AM,00:43',0.72792333,"",""
"Studying","",2019-02-16 12:01 PM,2019-02-16 12:36 PM,00:35',0.58988444,"",""
"Studying","",2019-02-16 5:27 PM,2019-02-16 5:53 PM,00:26',0.43521750,"",""
"Studying","",2019-02-16 5:56 PM,2019-02-16 6:07 PM,00:11',0.18405889,"",""
"RubyProject ","",2019-02-16 6:21 PM,2019-02-16 7:53 PM,01:31',1.52932417,"","Programming "
"Studying","",2019-02-17 7:11 PM,2019-02-17 9:11 PM,02:00',2.00097972,"",""
"Writing","",2019-02-17 10:31 PM,2019-02-17 11:13 PM,00:41',0.69345444,"",""
"Studying","",2019-02-18 10:46 AM,2019-02-18 12:01 PM,01:15',1.25119333,"",""
"Studying","",2019-02-18 12:08 PM,2019-02-18 1:10 PM,01:02',1.03382111,"",""
"Writing","",2019-02-18 1:45 PM,2019-02-18 1:55 PM,00:10',0.17636861,"",""
"Writing","",2019-02-18 1:55 PM,2019-02-18 2:23 PM,00:27',0.45833028,"",""
"Comic work","Gym",2019-02-18 2:23 PM,2019-02-18 2:23 PM,<01',0.00025417,"",""
"Studying","",2019-02-18 4:39 PM,2019-02-18 4:48 PM,00:09',0.15126750,"",""
"Studying","",2019-02-18 5:20 PM,2019-02-18 5:29 PM,00:08',0.14834472,"",""
"Studying","",2019-02-19 11:46 AM,2019-02-19 12:38 PM,00:52',0.87042250,"",""
"Studying","",2019-02-19 12:41 PM,2019-02-19 1:16 PM,00:34',0.57747639,"",""
"Studying","",2019-02-19 1:30 PM,2019-02-19 1:58 PM,00:27',0.46364861,"",""
"Studying","",2019-02-19 2:01 PM,2019-02-19 2:13 PM,00:11',0.19143972,"",""
"Studying","",2019-02-19 2:14 PM,2019-02-19 2:29 PM,00:14',0.24111972,"",""
"Studying","",2019-02-19 2:38 PM,2019-02-19 3:23 PM,00:44',0.74814444,"",""
"Studying","",2019-02-19 5:37 PM,2019-02-19 5:53 PM,00:16',0.27138000,"",""
"Studying","",2019-02-19 5:58 PM,2019-02-19 6:41 PM,00:42',0.71547722,"",""
"Film work","Housework",2019-02-19 8:01 PM,2019-02-19 9:11 PM,01:09',1.16654361,"",""
"Studying","",2019-02-20 12:12 PM,2019-02-20 1:30 PM,01:18',1.31042083,"",""
"RubyProject ","",2019-02-21 8:37 AM,2019-02-21 10:34 AM,01:56',1.94716611,"","Programming "
"Film work","Housework",2019-02-22 2:33 PM,2019-02-22 4:38 PM,02:05',2.08679028,"",""
"Comic work","Gym",2019-02-22 7:30 PM,2019-02-22 7:59 PM,00:29',0.48774972,"",""
"Python ","",2019-02-23 10:56 AM,2019-02-23 11:54 AM,00:57',0.96302972,"",""
"Python ","",2019-02-23 12:56 PM,2019-02-23 1:27 PM,00:31',0.51964056,"",""
"Python ","",2019-02-23 1:47 PM,2019-02-23 1:49 PM,00:01',0.02848278,"",""
"Python ","",2019-02-23 2:22 PM,2019-02-23 4:22 PM,02:00',2.01638000,"",""
"Python ","",2019-02-23 4:31 PM,2019-02-23 6:45 PM,02:14',2.24205417,"",""
"Writing","",2019-02-23 8:33 PM,2019-02-23 9:29 PM,00:55',0.93108944,"",""
"Studying","",2019-02-24 9:26 AM,2019-02-24 9:26 AM,<01',0.01648361,"",""
"Blender ","",2019-02-24 9:27 AM,2019-02-24 12:42 PM,03:14',3.24805278,"",""
"Blender ","",2019-02-24 1:01 PM,2019-02-24 1:47 PM,00:45',0.76282250,"",""
"RubyProject ","",2019-02-24 8:07 PM,2019-02-24 9:18 PM,01:10',1.17518139,"","Programming "
"Film work","Housework",2019-02-25 10:45 AM,2019-02-25 11:24 AM,00:39',0.65279500,"",""
"Writing","",2019-02-25 1:13 PM,2019-02-25 1:51 PM,00:37',0.62932528,"",""
"Studying","",2019-02-25 4:48 PM,2019-02-25 5:21 PM,00:32',0.54821472,"",""
"Blender ","",2019-02-26 10:23 AM,2019-02-26 10:23 AM,<01',0.00014667,"",""
"RubyProject ","",2019-02-26 10:23 AM,2019-02-26 11:00 AM,00:36',0.60080944,"","Programming "
"Writing","",2019-02-26 1:29 PM,2019-02-26 1:55 PM,00:26',0.43971639,"",""
"RubyProject ","",2019-02-26 3:59 PM,2019-02-26 4:48 PM,00:49',0.81899000,"","Programming "
"RubyProject ","",2019-02-26 6:26 PM,2019-02-26 7:41 PM,01:15',1.25000000,"","Programming "
"Studying","",2019-02-27 9:38 AM,2019-02-27 9:48 AM,00:09',0.15975333,"",""
"Studying","",2019-02-27 9:55 AM,2019-02-27 11:10 AM,01:14',1.24989028,"",""
"RubyProject ","",2019-02-27 1:24 PM,2019-02-27 1:54 PM,00:30',0.50147333,"","Programming "
"RubyProject ","",2019-02-27 1:59 PM,2019-02-27 3:18 PM,01:18',1.31031222,"","Programming "
"RubyProject ","",2019-02-27 3:20 PM,2019-02-27 3:30 PM,00:09',0.16365028,"","Programming "
"RubyProject ","",2019-02-27 5:21 PM,2019-02-27 5:46 PM,00:25',0.42262306,"","Programming "
"RubyProject ","",2019-02-27 5:49 PM,2019-02-27 6:23 PM,00:34',0.57554194,"","Programming "
"RubyProject ","",2019-02-27 7:56 PM,2019-02-27 8:20 PM,00:23',0.39863556,"","Programming "
"RubyProject ","",2019-02-27 9:31 PM,2019-02-27 10:54 PM,01:23',1.38939611,"","Programming "
"Blender ","",2019-03-02 11:40 AM,2019-03-02 1:30 PM,01:49',1.82689139,"",""
"Studying","",2019-03-03 12:25 PM,2019-03-03 1:08 PM,00:43',0.72153056,"",""
"Film work","Housework",2019-03-03 1:08 PM,2019-03-03 1:08 PM,<01',0.00028639,"",""
"Blender ","",2019-03-03 2:30 PM,2019-03-03 6:16 PM,03:46',3.77381694,"",""
"Blender ","",2019-03-03 6:47 PM,2019-03-03 7:00 PM,00:12',0.21271806,"",""
"Blender ","",2019-03-03 7:02 PM,2019-03-03 7:02 PM,<01',0.00019111,"",""
"Blender ","",2019-03-03 7:02 PM,2019-03-03 7:57 PM,00:55',0.92073667,"",""
"Blender ","",2019-03-04 10:39 AM,2019-03-04 12:42 PM,02:02',2.04485694,"",""
"Studying","",2019-03-04 12:46 PM,2019-03-04 1:07 PM,00:21',0.35404417,"",""
"Blender ","",2019-03-04 1:53 PM,2019-03-04 2:08 PM,00:15',0.26466861,"",""
"Blender ","",2019-03-04 3:25 PM,2019-03-04 5:36 PM,02:11',2.18411917,"",""
"Website ","",2019-03-04 7:57 PM,2019-03-04 9:38 PM,01:40',1.68027556,"",""
"Studying","",2019-03-05 6:26 PM,2019-03-05 7:00 PM,00:33',0.56176417,"",""
"Studying","",2019-03-05 7:11 PM,2019-03-05 8:21 PM,01:09',1.15997806,"",""
"Studying","",2019-03-06 12:32 PM,2019-03-06 1:44 PM,01:11',1.19778667,"",""
"Studying","",2019-03-06 4:54 PM,2019-03-06 5:31 PM,00:36',0.61112722,"",""
"Blender ","",2019-03-07 9:49 AM,2019-03-07 10:41 AM,00:52',0.87007611,"",""
"Film work","Housework",2019-03-07 10:41 AM,2019-03-07 11:07 AM,00:25',0.42720861,"",""
"Film work","Housework",2019-03-08 12:23 PM,2019-03-08 1:15 PM,00:52',0.86878278,"",""
"Film work","Housework",2019-03-08 7:48 PM,2019-03-08 9:37 PM,01:48',1.80816083,"",""
"Blender ","",2019-03-08 9:40 PM,2019-03-08 9:54 PM,00:13',0.21867667,"",""
"Blender ","",2019-03-08 9:55 PM,2019-03-08 11:31 PM,01:36',1.60233583,"",""
"Blender ","",2019-03-08 11:39 PM,2019-03-09 12:09 AM,00:29',0.49867306,"",""
"Website ","",2019-03-09 8:32 PM,2019-03-09 9:19 PM,00:46',0.77202778,"",""
"Studying","",2019-03-10 12:25 PM,2019-03-10 12:50 PM,00:24',0.41570139,"",""
"Studying","",2019-03-10 12:55 PM,2019-03-10 1:31 PM,00:35',0.59408111,"",""
"Studying","",2019-03-10 4:04 PM,2019-03-10 4:59 PM,00:54',0.91144972,"",""
"Studying","",2019-03-10 5:09 PM,2019-03-10 6:03 PM,00:53',0.89939306,"",""
"Studying","",2019-03-10 6:41 PM,2019-03-10 7:12 PM,00:30',0.51042778,"",""
"Studying","",2019-03-10 7:37 PM,2019-03-10 9:01 PM,01:24',1.40014222,"",""
"Studying","",2019-03-11 11:19 AM,2019-03-11 1:27 PM,02:08',2.14825028,"",""
"Studying","",2019-03-11 4:47 PM,2019-03-11 4:56 PM,00:09',0.16428222,"",""
"Studying","",2019-03-11 4:58 PM,2019-03-11 5:15 PM,00:17',0.28418639,"",""
"Studying","",2019-03-12 10:46 AM,2019-03-12 12:05 PM,01:18',1.31134139,"",""
"Studying","",2019-03-12 12:17 PM,2019-03-12 12:40 PM,00:22',0.37621806,"",""
"Website ","",2019-03-12 12:40 PM,2019-03-12 1:21 PM,00:40',0.68214361,"",""
"Website ","",2019-03-12 8:40 PM,2019-03-12 9:36 PM,00:55',0.93053500,"",""
"Studying","",2019-03-13 11:39 AM,2019-03-13 12:57 PM,01:18',1.31062750,"",""
"Website ","",2019-03-13 2:31 PM,2019-03-13 3:46 PM,01:14',1.24821500,"",""
"Website ","",2019-03-13 4:20 PM,2019-03-13 6:20 PM,02:00',2.00093056,"",""
"Website ","",2019-03-13 6:29 PM,2019-03-13 6:31 PM,00:02',0.03764389,"",""
"Website ","",2019-03-13 7:53 PM,2019-03-13 10:54 PM,03:00',3.01176778,"",""
"Website ","",2019-03-14 11:47 AM,2019-03-14 1:32 PM,01:44',1.74480250,"",""
"Studying","",2019-03-14 2:08 PM,2019-03-14 2:39 PM,00:31',0.51822111,"",""
"Website ","",2019-03-14 4:54 PM,2019-03-14 7:14 PM,02:19',2.32491417,"",""
"Film work","Housework",2019-03-14 8:37 PM,2019-03-14 9:38 PM,01:01',1.03058833,"",""
"Film work","Housework",2019-03-15 12:22 PM,2019-03-15 1:20 PM,00:57',0.95724806,"",""
"Film work","Housework",2019-03-15 5:44 PM,2019-03-15 7:13 PM,01:29',1.48541750,"",""
"Studying","",2019-03-16 11:14 AM,2019-03-16 2:11 PM,02:56',2.94485639,"",""
"Writing","",2019-03-16 3:04 PM,2019-03-16 4:06 PM,01:01',1.03047167,"",""
"Film work","Housework",2019-03-16 5:54 PM,2019-03-16 6:38 PM,00:43',0.72600583,"",""
"Blender ","",2019-03-16 7:16 PM,2019-03-16 8:13 PM,00:57',0.95619000,"",""
"Blender ","",2019-03-16 9:20 PM,2019-03-16 9:28 PM,00:08',0.14173222,"",""
"Blender ","",2019-03-16 9:56 PM,2019-03-16 9:56 PM,<01',0.00014333,"",""
"Blender ","",2019-03-16 9:56 PM,2019-03-16 11:01 PM,01:05',1.09267722,"",""
"Studying","",2019-03-17 6:04 PM,2019-03-17 6:37 PM,00:32',0.54031444,"",""
"Website ","",2019-03-17 6:47 PM,2019-03-17 10:05 PM,03:18',3.30768444,"",""
"Studying","",2019-03-18 12:51 PM,2019-03-18 1:38 PM,00:46',0.77311611,"",""
"Studying","",2019-03-18 4:44 PM,2019-03-18 4:50 PM,00:06',0.10590139,"",""
"Studying","",2019-03-18 5:29 PM,2019-03-18 5:55 PM,00:26',0.44372528,"",""
"Studying","",2019-03-18 5:55 PM,2019-03-18 5:55 PM,<01',0.00016778,"",""
"Studying","",2019-03-18 8:59 PM,2019-03-18 10:23 PM,01:24',1.41085889,"",""
"Studying","",2019-03-19 10:44 AM,2019-03-19 12:49 PM,02:04',2.07846111,"",""
"Studying","",2019-03-19 12:50 PM,2019-03-19 1:00 PM,00:10',0.17321556,"",""
"Website ","",2019-03-19 1:57 PM,2019-03-19 3:31 PM,01:34',1.56971472,"",""
"Website ","",2019-03-19 4:37 PM,2019-03-19 6:16 PM,01:39',1.65654556,"",""
"Website ","",2019-03-19 8:54 PM,2019-03-19 8:54 PM,<01',0.00016167,"",""
"Website ","",2019-03-19 8:54 PM,2019-03-19 9:16 PM,00:22',0.36904972,"",""
"Studying","",2019-03-20 1:00 PM,2019-03-20 1:46 PM,00:46',0.77365889,"",""
"Studying","",2019-03-20 4:49 PM,2019-03-20 5:27 PM,00:37',0.63157917,"",""
"Studying","",2019-03-21 12:30 PM,2019-03-21 1:51 PM,01:20',1.34550528,"",""
"Website ","",2019-03-21 3:06 PM,2019-03-21 4:37 PM,01:31',1.52209750,"",""
"Website ","",2019-03-23 4:07 PM,2019-03-23 5:00 PM,00:52',0.87897611,"",""
"Website ","",2019-03-23 5:00 PM,2019-03-23 5:00 PM,<01',0.00022972,"",""
"Website ","",2019-03-24 3:43 PM,2019-03-24 3:43 PM,<01',0.00088639,"",""
"Website ","",2019-03-24 3:43 PM,2019-03-24 8:07 PM,04:23',4.39649056,"",""
"Studying","",2019-03-27 9:35 AM,2019-03-27 10:22 AM,00:46',0.76986000,"",""
"Studying","",2019-03-27 2:06 PM,2019-03-27 2:29 PM,00:23',0.38800556,"",""
"Website ","",2019-03-27 3:07 PM,2019-03-27 3:07 PM,<01',0.00013556,"",""
"Website ","",2019-03-27 3:07 PM,2019-03-27 5:05 PM,01:58',1.97307111,"",""
"Website ","",2019-03-27 5:05 PM,2019-03-27 5:05 PM,<01',0.00017667,"",""
"Studying","",2019-03-27 6:11 PM,2019-03-27 6:11 PM,<01',0.00011944,"",""
"Website ","",2019-03-27 6:11 PM,2019-03-27 8:22 PM,02:10',2.17264139,"",""
"Writing","",2019-03-28 6:28 PM,2019-03-28 7:01 PM,00:32',0.54976306,"",""
"Writing","",2019-03-28 7:52 PM,2019-03-28 8:37 PM,00:44',0.74620361,"",""
"Film work","Housework",2019-03-28 8:37 PM,2019-03-28 8:50 PM,00:13',0.22604222,"",""
"Writing","",2019-03-29 10:32 AM,2019-03-29 12:21 PM,01:48',1.81324028,"",""
"Website ","",2019-03-29 6:32 PM,2019-03-29 8:52 PM,02:19',2.33034306,"",""
"Website ","",2019-03-29 9:08 PM,2019-03-29 10:47 PM,01:38',1.64316556,"",""
"Studying","",2019-03-30 3:33 PM,2019-03-30 3:33 PM,<01',0.00011361,"",""
"Film work","Housework",2019-03-30 3:33 PM,2019-03-30 5:55 PM,02:21',2.36428444,"",""
"Website ","",2019-03-30 7:53 PM,2019-03-30 8:38 PM,00:45',0.75144167,"",""
"Website ","",2019-03-31 9:14 AM,2019-03-31 9:42 AM,00:27',0.46503972,"",""
"Website ","",2019-03-31 7:52 PM,2019-03-31 7:52 PM,<01',0.00019000,"",""
"Website ","",2019-03-31 7:52 PM,2019-03-31 9:53 PM,02:00',2.01186333,"",""
"Website ","",2019-03-31 9:53 PM,2019-03-31 9:53 PM,<01',0.00023583,"",""
"RubyProject ","",2019-04-02 10:05 AM,2019-04-02 11:19 AM,01:14',1.23481028,"","Programming "
"Writing","",2019-04-02 4:19 PM,2019-04-02 4:45 PM,00:26',0.43503333,"",""
"Studying","",2019-04-03 12:27 PM,2019-04-03 1:37 PM,01:09',1.16449028,"",""
"Website ","",2019-04-03 5:03 PM,2019-04-03 6:02 PM,00:58',0.97646028,"",""
"Film work","Housework",2019-04-04 5:39 AM,2019-04-04 6:59 AM,01:20',1.33940889,"",""
"Studying","",2019-04-04 10:55 AM,2019-04-04 1:07 PM,02:11',2.19956944,"",""
"RubyProject ","",2019-04-04 2:17 PM,2019-04-04 3:39 PM,01:22',1.37044528,"","Programming "
"RubyProject ","",2019-04-04 4:53 PM,2019-04-04 5:53 PM,01:00',1.00000000,"","Programming "
"RubyProject ","",2019-04-04 4:53 PM,2019-04-04 5:53 PM,01:00',1.00000000,"","Programming "
"RubyProject ","",2019-04-04 5:00 PM,2019-04-04 5:15 PM,00:14',0.24303306,"","Programming "
"RubyProject ","",2019-04-04 5:15 PM,2019-04-04 5:15 PM,<01',0.00021250,"","Programming "
"RubyProject ","",2019-04-04 5:15 PM,2019-04-04 5:15 PM,<01',0.00012472,"","Programming "
"Blender ","",2019-04-04 5:43 PM,2019-04-04 5:43 PM,<01',0.00019333,"",""
"Website ","",2019-04-04 5:43 PM,2019-04-04 6:05 PM,00:21',0.35803194,"",""
"Website ","",2019-04-05 11:30 AM,2019-04-05 12:00 PM,00:30',0.50000000,"",""
"Website ","",2019-04-05 11:30 AM,2019-04-05 12:50 PM,01:19',1.33291361,"",""
"Website ","",2019-04-05 1:06 PM,2019-04-05 2:54 PM,01:48',1.80684167,"",""
"Film work","Housework",2019-04-05 6:27 PM,2019-04-05 6:51 PM,00:24',0.41195389,"",""
"Film work","Housework",2019-04-05 6:56 PM,2019-04-05 6:56 PM,<01',0.00016667,"",""
"Film work","Housework",2019-04-05 6:56 PM,2019-04-05 6:56 PM,<01',0.00021083,"",""
"Film work","Housework",2019-04-05 6:56 PM,2019-04-05 8:39 PM,01:42',1.71153528,"",""
"Blender ","",2019-04-06 1:09 PM,2019-04-06 1:09 PM,<01',0.00010667,"",""
"Film work","Housework",2019-04-06 1:09 PM,2019-04-06 4:31 PM,03:22',3.37163417,"",""
"Film work","Housework",2019-04-06 6:10 PM,2019-04-06 6:50 PM,00:40',0.67684361,"",""
"Film work","Housework",2019-04-06 7:27 PM,2019-04-06 7:27 PM,<01',0.00024972,"",""
"Film work","Housework",2019-04-06 7:27 PM,2019-04-06 7:57 PM,00:30',0.50783417,"",""
"Studying","",2019-04-07 2:34 PM,2019-04-07 2:34 PM,<01',0.01171194,"",""
"Studying","",2019-04-07 2:39 PM,2019-04-07 3:08 PM,00:28',0.48249528,"",""
"Film work","Housework",2019-04-07 3:55 PM,2019-04-07 3:55 PM,<01',0.00018444,"",""
"Film work","Housework",2019-04-07 3:55 PM,2019-04-07 6:27 PM,02:32',2.54064028,"",""
"Studying","",2019-04-08 7:54 AM,2019-04-08 9:22 AM,01:27',1.46030944,"",""
"Studying","",2019-04-08 9:50 AM,2019-04-08 11:26 AM,01:36',1.60914528,"",""
"Studying","",2019-04-08 12:09 PM,2019-04-08 1:10 PM,01:00',1.01469167,"",""
"Website ","",2019-04-08 1:15 PM,2019-04-08 1:52 PM,00:37',0.62717639,"",""